"","Shannon","Simpson"
"LF-1",2.5556925148575,0.886942563405691
"IF",3.57137071697402,0.924863466155574
"LF-2",2.61734054307099,0.901077491679117
"EF-1",2.17747761303109,0.83090266009474
